BGFIPS10,Drunk,DrunkP1k,Bars,BarPSqMi,RetailPSqMi,Pop,PopDens1k,pMale,pHHPov,VacantHU,SqMiles
060750101001,27.0,27.5510204082,2.0,9.62205323192,91.4095057032,980,4.71480608364,50.2040816327,9.85915492958,5.49084858569,0.207855844464
060750101002,8.0,2.80997541272,3.0,35.6228999534,94.9943998757,2847,33.8061320558,55.5672637864,16.8969849246,7.33410942957,0.0842154907075
060750102001,12.0,11.1317254174,1.0,9.78718322433,58.723099346,1078,10.5505835158,60.7606679035,5.66929133858,30.2197802198,0.102174443564
060750102002,0.0,0.0,0.0,0.0,20.6167396022,2085,42.9859020707,47.6738609113,3.13971742543,5.27881040892,0.0485042746473
060750102003,2.0,1.89214758751,0.0,0.0,19.7592719802,1057,20.8855504831,51.5610217597,7.82268578879,9.65842167256,0.0506091520478
060750103001,3.0,1.72018348624,1.0,19.8214783509,99.1073917546,1744,34.568658244,46.7889908257,11.6493656286,9.40438871473,0.0504503237496
060750103002,0.0,0.0,0.0,0.0,0.0,1484,61.8298437871,43.935309973,14.2086330935,14.7239263804,0.0240013545095
060750103003,3.0,2.68336314848,0.0,0.0,0.0,1118,37.1893085601,60.7334525939,6.35451505017,15.5367231638,0.0300624035048
060750104001,5.0,5.00500500501,0.0,0.0,199.054014931,999,49.713740229,75.2752752753,29.7935103245,0.0,0.0200950480772
060750104002,1.0,0.778210116732,0.0,0.0,0.0,1285,36.4818221818,46.0700389105,6.62358642973,5.06134969325,0.0352230213063
060750104003,0.0,0.0,0.0,0.0,19.7286637636,1740,34.3278749487,50.0,3.1031031031,2.82101167315,0.0506876700815
060750104004,4.0,3.22320709106,0.0,0.0,0.0,1241,52.7974867,47.5423045931,2.68562401264,16.4907651715,0.0235049067213
060750105001,8.0,9.61538461538,0.0,0.0,77.5459760027,832,5.86529563948,45.3125,0.0,14.6496815287,0.141851332165
060750105002,18.0,10.1465614431,3.0,24.0694731,8.02315769998,1774,14.2330817598,56.5388951522,12.4075595727,16.5867032214,0.124639205335
060750106001,3.0,2.93542074364,2.0,116.7569507,116.7569507,1022,59.6628018077,52.446183953,21.9764011799,25.5762897914,0.0171296011759
060750106002,87.0,64.6359583952,7.0,240.429575939,412.164987324,1346,46.2311727449,61.367013373,25.3644314869,3.10734463277,0.0291145545329
060750106003,33.0,25.462962963,9.0,344.941031585,613.228500595,1296,49.6715085482,46.9907407407,39.6226415094,4.02414486922,0.0260914161434
060750107001,5.0,4.2662116041,1.0,50.9966432367,356.976502657,1172,59.7680658734,58.5324232082,10.4513064133,26.2697022767,0.0196091337886
060750107002,8.0,7.33272227314,2.0,104.069943621,416.279774485,1091,56.7701542454,37.5802016499,35.0282485876,8.13148788927,0.0192178445611
060750107003,8.0,4.23504499735,4.0,190.099639861,570.298919584,1889,89.7745549245,49.655902594,28.3893395133,5.78602620087,0.0210415969379
060750107004,7.0,6.0396893874,0.0,0.0,1269.49526946,1159,105.096072664,40.2070750647,39.4435351882,11.9596541787,0.011028004859
060750108001,1.0,0.884955752212,0.0,0.0,0.0,1130,32.0046184261,56.7256637168,10.2866779089,23.8767650834,0.03530740423
060750108002,0.0,0.0,0.0,0.0,171.084156918,1525,65.2258348251,43.1475409836,27.0725388601,7.65550239234,0.0233803063478
060750108003,0.0,0.0,0.0,0.0,0.0,2124,74.861732669,36.9114877589,17.5276752768,4.91228070175,0.028372306174
060750109001,0.0,0.0,0.0,0.0,128.792005044,942,40.4406895838,41.2951167728,11.1111111111,8.28025477707,0.0232933713469
060750109002,4.0,2.16333153056,0.0,0.0,140.660358847,1849,52.0162007018,38.9940508383,4.59652706844,3.26086956522,0.0355466176894
060750109003,3.0,1.5392508979,7.0,190.68571763,572.057152891,1949,53.0923519517,45.1513596716,20.2076677316,4.35446906035,0.0367096187747
060750110001,4.0,5.32623169108,2.0,82.0337951332,287.118282966,751,30.8036900725,43.27563249,8.3885209713,5.625,0.0243801959516
060750110002,4.0,1.66736140058,0.0,0.0,29.3591545428,2399,70.4326117482,48.8536890371,10.4594330401,4.74860335196,0.0340609263302
060750110003,7.0,3.25127728751,2.0,58.6266989013,146.566747253,2153,63.1116413672,51.9739897817,9.13838120104,4.64730290456,0.0341141499945
060750111001,4.0,1.91662673694,4.0,115.845376648,289.613441621,2087,60.4423252664,51.8447532343,18.0016515277,7.06062931696,0.0345287841062
060750111002,9.0,4.39882697947,5.0,136.532117676,354.983505958,2046,55.868942553,48.2893450635,7.8813559322,7.23270440252,0.0366214198176
060750111003,4.0,4.2328042328,2.0,84.2314398504,168.462879701,945,39.7993553293,64.9735449735,20.5128205128,10.3448275862,0.0237441031941
060750112001,0.0,0.0,0.0,0.0,0.0,1332,69.8719043795,46.6966966967,21.9875776398,23.3333333333,0.019063456361
060750112002,0.0,0.0,0.0,0.0,0.0,927,45.6032171253,59.331175836,4.45969125214,24.0885416667,0.0203275132422
060750112003,1.0,1.221001221,0.0,0.0,0.0,819,27.7867581482,54.822954823,15.015015015,38.2189239332,0.0294744710999
060750113001,1.0,0.676589986468,0.0,0.0,203.535911357,1478,75.2065192465,51.0148849797,18.0277349769,0.0,0.019652551598
060750113002,1.0,0.632911392405,0.0,0.0,51.8563273697,1580,81.9329972441,50.3797468354,27.4914089347,10.1851851852,0.0192840498108
060750117001,12.0,19.9335548173,3.0,29.0714135184,261.642721665,602,5.83366364602,52.1594684385,8.93854748603,6.28272251309,0.103194156628
060750117002,65.0,68.7830687831,10.0,87.8577130426,623.789762603,945,8.30255388253,58.0952380952,39.6363636364,34.1317365269,0.113820399527
060750118001,3.0,1.72413793103,0.0,0.0,590.097965376,1740,78.9823430581,48.9655172414,39.2128279883,6.28415300546,0.0220302403377
060750119011,0.0,0.0,0.0,0.0,82.8321343441,1022,84.6544412996,48.7279843444,1.68970814132,18.5231539424,0.0120726093553
060750119012,1.0,0.657462195924,0.0,0.0,169.806429764,1521,129.137789836,54.5036160421,19.2216981132,12.1243523316,0.011778117017
060750119021,0.0,0.0,1.0,57.3469936591,114.693987318,1924,110.3356158,61.1746361746,21.1818879509,14.7809025507,0.0174377057313
060750119022,1.0,1.42653352354,0.0,0.0,0.0,701,38.3360876544,38.8017118402,5.78313253012,0.0,0.0182856426644
060750120001,14.0,8.25958702065,6.0,248.06077072,289.404232507,1695,70.0771677284,54.3362831858,18.1245074862,10.1274787535,0.0241876213743
060750120002,11.0,5.8886509636,5.0,206.011693908,123.607016345,1868,76.965968844,59.6359743041,18.4271395528,3.92592592593,0.0242704669097
060750121001,3.0,1.04748603352,1.0,41.8193129463,376.373816516,2864,119.770512278,57.9958100559,11.3043478261,0.805060379528,0.0239123966787
060750121002,15.0,14.8221343874,3.0,126.727648944,591.395695072,1012,42.7494602437,44.4664031621,21.6606498195,3.98613518198,0.0236728135099
060750122011,11.0,3.90763765542,8.0,337.464406467,421.830508084,2815,118.745288026,58.3658969805,25.2493765586,3.66366366366,0.023706203815
060750122012,11.0,6.24645088018,2.0,168.297210794,420.743026985,1761,148.185694104,69.2220329358,34.3984962406,17.6470588235,0.0118837382424
060750122021,19.0,6.17083468659,5.0,140.188478987,336.45234957,3079,86.3280653604,63.6245534264,26.9453376206,5.47112462006,0.0356662689839
060750123011,76.0,69.9172033119,1.0,33.8753280469,474.254592657,1087,36.822481587,60.3495860166,50.2638522427,23.1237322515,0.0295200093299
060750123012,3.0,4.26742532006,1.0,170.809961685,0.0,703,120.079403064,68.7055476529,46.3829787234,33.4277620397,0.00585445948314
060750123021,9.0,6.19834710744,4.0,340.266870263,85.0667175657,1452,123.516873905,54.0633608815,20.8465608466,15.7754010695,0.0117554788596
060750123022,24.0,22.5140712946,6.0,253.984942153,211.654118461,1066,45.1246580559,51.4071294559,35.1961950059,25.7067137809,0.0236234477097
060750124011,12.0,7.18132854578,2.0,111.902189321,55.9510946605,1671,93.4942791777,64.1532016756,32.9341317365,17.9764243615,0.017872751303
060750124012,36.0,12.2365737593,2.0,111.977878409,223.955756818,2942,164.71945914,57.2739632903,33.418204965,17.6624737945,0.0178606705933
060750124021,43.0,57.7956989247,0.0,0.0,102.252621808,744,19.0189876562,49.0591397849,17.8756476684,22.9540918164,0.0391188013499
060750124022,12.0,12.2075279756,2.0,26.1474802674,65.3687006686,983,12.8514865514,52.5940996948,9.87460815047,5.05952380952,0.0764892058257
060750124023,14.0,8.40336134454,1.0,41.1151175051,205.575587526,1666,68.4977857635,61.7647058824,45.4110898662,13.2669983416,0.0243219540811
060750125011,66.0,28.4605433376,1.0,34.0170576092,204.102345655,2319,78.8855565957,60.1121172919,35.4182955434,5.74797347089,0.0293970163878
060750125012,181.0,147.394136808,4.0,179.041152679,358.082305358,1228,54.9656338724,65.6351791531,63.8949671772,29.3116782676,0.0223412323935
060750125021,16.0,8.68621064061,2.0,167.831625572,167.831625572,1842,154.572927152,50.0542888165,65.7070279424,2.79835390947,0.0119167051691
060750125022,42.0,18.4372256365,0.0,0.0,339.292834088,2278,193.227269013,65.3643546971,37.037037037,3.29138431752,0.0117892262911
060750126011,5.0,2.00080032013,2.0,30.3244624215,212.27123695,2499,37.8904157956,51.8607442977,2.33918128655,8.33829660512,0.065953353837
060750126021,0.0,0.0,0.0,0.0,0.0,2007,21.5464228663,46.5371200797,4.03377110694,3.61663652803,0.0931477123814
060750126022,1.0,0.91407678245,0.0,0.0,13.6467278557,1094,7.46476013707,45.521023766,8.29420970266,13.2971506106,0.14655527839
060750127001,0.0,0.0,0.0,0.0,0.0,1885,17.7445698463,47.0557029178,7.62620837809,8.54616895874,0.106229681324
060750127002,0.0,0.0,0.0,0.0,0.0,1191,33.1888641558,50.2938706969,14.1721854305,7.47549019608,0.0358855305927
060750127003,1.0,1.46627565982,0.0,0.0,69.6247524377,682,23.7420405813,48.9736070381,0.0,9.85626283368,0.0287254163207
060750128001,5.0,2.251238181,6.0,78.0164770448,494.104354617,2221,28.8790992528,45.7901846015,4.15486307838,7.43006993007,0.0769068308039
060750128002,0.0,0.0,0.0,0.0,0.0,1084,23.2156533461,41.1439114391,0.0,14.0311804009,0.046692633795
060750128003,3.0,3.2154340836,1.0,25.3729155096,126.864577548,933,23.6729301705,34.6195069668,2.00803212851,10.9123434705,0.0394121045971
060750128004,3.0,4.4776119403,3.0,104.120026443,312.360079328,670,23.2534725722,67.9104477612,12.017167382,9.16179337232,0.0288129008654
060750129011,2.0,1.80831826401,1.0,28.4247093704,85.2741281113,1106,31.4377285637,48.3725135624,2.75650842266,14.3044619423,0.0351806587349
060750129012,1.0,0.674763832659,0.0,0.0,0.0,1482,42.0101923341,39.5411605938,4.54002389486,10.6723585912,0.0352771534159
060750129021,2.0,1.61943319838,0.0,0.0,28.260060575,1235,34.9011748101,47.3684210526,12.3216601816,8.10488676996,0.0353856283268
060750129022,0.0,0.0,0.0,0.0,337.910530581,1235,41.7319505268,48.2591093117,3.77867746289,8.96805896806,0.0295936323227
060750129023,10.0,10.2669404517,1.0,13.9648411565,125.683570408,974,13.6017552864,46.5092402464,0.0,2.49554367201,0.0716084049073
060750130001,2.0,1.99004975124,0.0,0.0,57.4605041847,1005,28.8739033528,55.92039801,8.56697819315,0.0,0.0348065167262
060750130002,2.0,1.79694519317,0.0,0.0,365.722582761,1113,31.3114795856,33.423180593,12.5252525253,11.7647058824,0.0355460685579
060750130003,8.0,6.28436763551,1.0,28.1007398291,224.805918632,1273,35.7722418024,52.7101335428,12.1118012422,0.0,0.0355862516817
060750130004,7.0,6.05012964564,2.0,56.2561687515,393.793181261,1157,32.5441936228,57.9083837511,4.70262793914,14.8409893993,0.0355516567229
060750131011,0.0,0.0,0.0,0.0,58.1179460017,1718,49.9233156154,47.9627473807,1.50801131008,12.4587458746,0.0344127784547
060750131012,0.0,0.0,1.0,30.5109844953,91.5329534859,2073,63.2492708588,47.853352629,2.74809160305,3.81791483113,0.032775081386
060750131021,2.0,1.67224080268,0.0,0.0,0.0,1196,20.9392283782,40.3846153846,10.9684947491,9.69441517387,0.0571176730297
060750131022,0.0,0.0,0.0,0.0,0.0,1496,42.7772815612,53.743315508,4.08432147563,4.4080604534,0.0349718342401
060750132001,2.0,1.01471334348,0.0,0.0,19.1375846308,1971,37.7201793073,56.4180618975,2.23380491437,10.5263157895,0.0522531980546
060750132002,0.0,0.0,0.0,0.0,0.0,831,20.2713894739,50.9025270758,0.0,11.8811881188,0.0409937365699
060750132003,2.0,1.05652403592,0.0,0.0,0.0,1893,16.140076026,49.1811938722,2.35640648012,4.90196078431,0.11728569289
060750133001,0.0,0.0,0.0,0.0,0.0,820,18.8595826306,47.8048780488,11.8644067797,9.23076923077,0.0434792230591
060750133002,2.0,1.73611111111,0.0,0.0,114.597205963,1152,26.4031962538,42.5347222222,16.1172161172,9.15141430948,0.0436310812117
060750133003,1.0,0.950570342205,1.0,29.2977515326,175.786509196,1052,30.8212346123,48.4790874525,7.20164609053,0.0,0.0341323121293
060750133004,2.0,2.95420974889,0.0,0.0,16.2545600594,677,11.0043371602,46.3810930576,0.0,3.64238410596,0.061521197519
060750133005,0.0,0.0,0.0,0.0,72.3391434381,781,18.8322903417,44.4302176697,3.125,16.6666666667,0.0414713232341
060750134001,0.0,0.0,0.0,0.0,43.8669554188,697,15.2876339634,25.9684361549,9.97624703088,13.5523613963,0.0455924050554
060750134002,1.0,0.546448087432,1.0,21.6285301397,194.656771257,1830,39.5802101556,50.3278688525,6.21650589496,0.0,0.0462352269683
060750134003,0.0,0.0,0.0,0.0,0.0,1441,31.822884168,53.9902845246,0.0,9.32311621967,0.045281879304
060750135001,0.0,0.0,0.0,0.0,103.050952472,1289,33.208169434,46.1598138092,5.09554140127,7.21040189125,0.0388157499185
060750135002,1.0,0.767459708365,0.0,0.0,249.050381326,1303,24.9625112976,44.8963929394,13.003452244,13.7896825397,0.0521982738222
060750151001,2.0,1.48588410104,1.0,28.4880243037,427.320364556,1346,38.3448807128,48.2912332838,10.9979633401,6.2082139446,0.0351024693513
060750151002,0.0,0.0,0.0,0.0,216.212285155,760,23.4744766739,54.3421052632,1.74081237911,32.5945241199,0.0323755886257
060750152001,0.0,0.0,1.0,28.0256149493,28.0256149493,1405,39.3759890037,45.7651245552,17.3994387278,6.47419072616,0.0356816434469
060750152002,3.0,2.47729149463,1.0,23.8640060837,47.7280121673,1211,28.8993113673,39.6366639141,8.95104895105,10.4010025063,0.0419041126831
060750152003,0.0,0.0,1.0,33.5117942327,435.653325025,1249,41.8562309966,58.4467574059,11.84,0.0,0.0298402405152
060750153001,0.0,0.0,1.0,23.58711831,117.93559155,946,22.3134139213,54.0169133192,4.87804878049,4.85232067511,0.0423960225601
060750153002,1.0,0.892857142857,0.0,0.0,147.066288724,1120,23.5306061959,42.5,5.43259557344,9.47176684882,0.0475975837883
060750154001,1.0,1.20336943442,0.0,0.0,0.0,831,17.7304142505,36.4620938628,0.0,4.6875,0.0468686172958
060750154002,2.0,1.46627565982,0.0,0.0,59.1127764198,1364,40.3149135183,46.7008797654,19.9706314244,2.57510729614,0.0338336332876
060750154003,0.0,0.0,2.0,26.5576224335,53.1152448669,1640,21.7772503954,47.6829268293,7.73881499395,0.0,0.0753079461466
060750154004,0.0,0.0,1.0,22.1534219432,110.767109716,707,15.6624693139,51.4851485149,0.0,4.66666666667,0.0451397532427
060750154005,1.0,0.72202166065,0.0,0.0,25.8547204125,1385,17.9043938857,44.6931407942,2.44328097731,8.02568218299,0.0773553133853
060750155001,3.0,1.78677784395,4.0,92.7105645395,463.552822697,1679,38.9152594654,46.3966646814,19.5099818512,11.0573042776,0.0431450290468
060750155002,3.0,1.94300518135,1.0,23.5172299856,352.758449784,1544,36.3106030977,41.9041450777,27.6286353468,0.0,0.0425220147361
060750155003,3.0,4.31654676259,0.0,0.0,84.5451531936,695,19.5862938232,38.9928057554,20.6896551724,0.0,0.0354839974461
060750156001,2.0,3.25732899023,1.0,35.0907893624,175.453946812,614,21.5457446685,51.9543973941,8.63309352518,9.15032679739,0.0284975065586
060750156002,2.0,1.53022188217,0.0,0.0,30.8643231735,1307,40.3396703878,47.4368783474,15.0495049505,15.5518394649,0.0323998681059
060750156003,2.0,1.8281535649,0.0,0.0,56.8279145897,1094,20.723246187,51.1882998172,20.2268431002,3.81818181818,0.0527909570791
060750157001,1.0,0.797448165869,0.0,0.0,0.0,1254,13.7981827077,54.4657097289,9.67741935484,5.38599640934,0.0908815332107
060750157002,2.0,0.913242009132,0.0,0.0,0.0,2190,45.6907621591,58.3105022831,14.7577092511,3.71155885472,0.047930914183
060750157003,4.0,2.39234449761,1.0,9.49951734993,113.994208199,1672,15.8831930091,35.8253588517,2.92887029289,1.64609053498,0.10526850609
060750157004,0.0,0.0,0.0,0.0,0.0,3257,40.9836177847,39.422781701,16.2213740458,11.186440678,0.0794707782292
060750158011,2.0,6.17283950617,0.0,0.0,0.0,324,8.60979800654,54.6296296296,7.28476821192,0.0,0.0376315448694
060750158012,2.0,1.05485232068,0.0,0.0,34.0173674022,1896,32.2484642973,50.8966244726,10.8695652174,0.412371134021,0.0587934973437
060750158013,1.0,0.658761528327,0.0,0.0,27.932961752,1518,42.4022359396,49.5388669302,17.9755671902,10.0470957614,0.0357999989001
060750158021,0.0,0.0,0.0,0.0,67.2017953094,1537,51.6445796953,49.642160052,9.2866756393,5.71065989848,0.0297611096667
060750158022,5.0,3.84615384615,2.0,56.2449403464,56.2449403464,1300,36.5592112251,60.6153846154,17.9419525066,14.2533936652,0.0355587540441
060750159001,2.0,0.946073793756,0.0,0.0,0.0,2114,27.9906901488,46.5468306528,19.8122065728,1.75276752768,0.0755251116983
060750159002,10.0,5.08388408744,1.0,25.8049324939,103.219729976,1967,50.7583022156,45.9074733096,31.2558139535,15.2876280536,0.0387522811863
060750160001,4.0,1.56739811912,1.0,16.4260650429,32.8521300858,2552,41.9193179895,53.1347962382,9.84107579462,9.96147495872,0.0608788530538
060750161001,0.0,0.0,0.0,0.0,0.0,839,17.6672258785,45.6495828367,7.14285714286,8.94308943089,0.0474890628427
060750161002,1.0,0.766283524904,0.0,0.0,0.0,1305,44.1841333051,52.7969348659,21.2226066897,7.37179487179,0.02953548938
060750161003,4.0,3.88349514563,0.0,0.0,56.1103617461,1030,28.8968362992,45.0485436893,54.6153846154,0.0,0.0356440403833
060750161004,12.0,6.27943485086,0.0,0.0,0.0,1911,64.2171955488,37.9905808477,47.9423868313,3.37972166998,0.0297583845521
060750162001,2.0,3.1007751938,4.0,85.5540344405,106.942543051,645,13.7955880535,64.3410852713,15.4506437768,11.7424242424,0.0467540780065
060750162002,2.0,1.92122958694,1.0,28.6394569183,85.918370755,1041,29.813674652,65.1296829971,12.3266563945,3.5661218425,0.034916863223
060750162003,1.0,1.08932461874,2.0,85.3372635238,170.674527048,918,39.1698039574,49.0196078431,14.4444444444,13.1274131274,0.0234364205907
060750163001,0.0,0.0,0.0,0.0,0.0,691,29.0380203547,44.2836468886,27.1794871795,17.8947368421,0.0237963880306
060750163002,1.0,0.821018062397,0.0,0.0,84.26862238,1218,51.3195910294,48.7684729064,32.8990228013,2.38473767886,0.0237336263904
060750163003,1.0,0.352236703064,0.0,0.0,0.0,2839,59.6065425862,63.8605142656,10.7317073171,6.22140896615,0.0476289997175
060750164001,4.0,1.69851380042,2.0,27.7428788904,124.842955007,2355,32.6672398934,55.3715498938,10.4046242775,6.90582959641,0.0720905717069
060750164002,5.0,2.80898876404,0.0,0.0,106.409405124,1780,37.8817482243,48.4269662921,16.4331210191,3.20591861899,0.0469883277155
060750165001,2.0,0.928505106778,0.0,0.0,27.8000166319,2154,59.8812358251,55.5710306407,23.3632862644,0.0,0.0359712015011
060750165002,8.0,6.06980273141,1.0,27.8184770218,166.910862131,1318,36.6647527147,40.5159332322,7.82029950083,0.0,0.035947330949
060750165003,1.0,0.881057268722,0.0,0.0,83.483900843,1135,31.5847424856,40.7929515419,2.39043824701,12.8472222222,0.0359350721481
060750165004,4.0,3.38983050847,0.0,0.0,0.0,1180,32.7850065099,41.3559322034,18.1494661922,0.0,0.0359920623973
060750166001,30.0,15.756302521,0.0,0.0,27.5910847645,1904,52.5334253916,59.243697479,11.3636363636,4.34782608696,0.0362435913098
060750166002,17.0,15.2193375112,4.0,150.038515191,375.096287977,1117,41.898255367,68.218442256,13.3495145631,18.0914512922,0.0266598212793
060750166003,64.0,46.4104423495,3.0,87.2040558342,203.47613028,1379,40.0847976651,52.5018129079,7.18654434251,12.4497991968,0.0344020696205
060750166004,40.0,35.1802990325,2.0,56.1737692422,337.042615453,1137,31.9347878142,55.4969217238,19.9095022624,3.0701754386,0.0356038063135
060750167001,0.0,0.0,2.0,56.5989117866,56.5989117866,1736,49.1278554308,62.3271889401,3.18906605923,7.7731092437,0.0353363684365
060750167002,3.0,6.07287449393,0.0,0.0,0.0,494,16.8823001613,48.7854251012,3.6496350365,0.0,0.0292614155227
060750167003,0.0,0.0,0.0,0.0,0.0,1275,14.4839116629,67.0588235294,12.5468164794,2.1978021978,0.0880287058961
060750167004,1.0,0.687285223368,1.0,27.7726327015,138.863163508,1455,40.4091805807,56.4261168385,4.06504065041,5.14138817481,0.0360066692541
060750168011,9.0,7.4318744839,4.0,135.789159851,237.63102974,1211,41.1101681449,65.9785301404,5.01567398119,3.9156626506,0.0294574324223
060750168012,2.0,1.70648464164,0.0,0.0,94.5362491058,1172,55.398241976,55.1194539249,12.8301886792,6.02836879433,0.0211559060034
060750168013,0.0,0.0,1.0,27.7504105503,27.7504105503,946,26.2518883806,58.245243129,11.2936344969,6.16570327553,0.0360355029049
060750168021,6.0,6.86498855835,0.0,0.0,173.598348873,874,25.2874928191,60.5263157895,13.7184115523,14.3740340031,0.0345625407094
060750168022,0.0,0.0,0.0,0.0,0.0,1300,43.9663330507,60.0,25.7627118644,14.3686502177,0.0295680787957
060750168023,1.0,1.27713920817,0.0,0.0,0.0,783,41.7262851454,61.9412515964,7.62331838565,29.541864139,0.0187651500073
060750169001,11.0,6.05060506051,4.0,65.7438720047,180.795648013,1818,29.8805898261,67.6567656766,8.04828973843,10.9318996416,0.0608421724798
060750169002,7.0,5.81878636741,2.0,36.9724298241,184.86214912,1203,22.2389165392,61.7622610141,0.821018062397,9.375,0.054094361921
060750170001,0.0,0.0,0.0,0.0,0.0,1012,25.1321630036,65.1185770751,9.98248686515,0.0,0.0402671270219
060750170002,2.0,0.919963201472,0.0,0.0,27.9703187813,2174,20.2691576769,66.4673413063,3.58306188925,14.7222222222,0.107256553758
060750170003,0.0,0.0,0.0,0.0,0.0,671,19.0463230982,65.8718330849,5.29247910864,0.0,0.0352298969486
060750171011,2.0,1.61030595813,0.0,0.0,23.8568323537,1242,29.6301857833,51.2882447665,1.76056338028,14.1993957704,0.0419167132155
060750171012,1.0,0.90661831369,0.0,0.0,0.0,1103,25.0522395153,56.1196736174,4.7138047138,10.9445277361,0.044027999945
060750171013,1.0,0.825082508251,0.0,0.0,0.0,1212,34.7799678246,46.7821782178,1.18845500849,7.53532182104,0.034847645809
060750171021,7.0,6.20567375887,2.0,51.21795246,128.04488115,1128,28.8869251875,52.7482269504,3.47682119205,4.12698412698,0.0390488081608
060750171022,0.0,0.0,0.0,0.0,0.0,695,23.8991446454,48.0575539568,13.1944444444,19.1011235955,0.0290805386683
060750171023,4.0,1.9617459539,0.0,0.0,87.4915033825,2039,44.5987938492,44.7278077489,10.071942446,4.24799081515,0.0457187251945
060750176011,50.0,5.49225657294,0.0,0.0,76.5319587795,0,0.0,50.7778116617,12.6133117458,7.41998334939,0.0522657470656
060750176012,77.0,31.3262815297,2.0,47.8418247464,167.446386612,2458,58.7976026133,62.1643612693,41.2587412587,12.3188405797,0.0418044255335
060750176013,65.0,30.545112782,3.0,42.2371226946,197.106572575,2128,29.9601990314,53.477443609,17.0833333333,28.4009546539,0.0710275655302
060750176014,6.0,5.32386867791,3.0,66.2699480539,176.719861477,1127,24.8954104856,53.7710736469,34.7087378641,27.8458844133,0.0452693881329
060750176015,146.0,96.8812209688,3.0,89.9031671927,479.483558361,1507,45.1613576532,56.4698075647,42.774566474,23.1111111111,0.0333692359644
060750177001,9.0,33.8345864662,1.0,5.74111505843,51.6700355259,266,1.52713660554,53.7593984962,3.77358490566,17.8294573643,0.174182191059
060750177002,33.0,23.7752161383,6.0,34.4959570563,264.469004098,1388,7.98006473235,62.1757925072,12.8410914928,12.2535211268,0.173933426176
060750178011,9.0,7.99289520426,1.0,24.3106965116,145.864179069,1126,27.373844272,25.3996447602,66.4071190211,6.54885654886,0.0411341567085
060750178012,17.0,8.76288659794,0.0,0.0,96.9514950103,1940,47.02147508,45.3608247423,29.4427710843,13.1458469588,0.0412577443966
060750178021,73.0,24.4638069705,7.0,56.7424520101,202.651614322,2984,24.1884966854,47.8887399464,13.4064080944,20.6157965194,0.123364425611
060750178022,20.0,15.1171579743,7.0,96.1639155689,82.4262133447,1323,18.1749800425,58.7301587302,34.9782293179,21.8820861678,0.0727923770428
060750179021,1.0,0.324359390204,0.0,0.0,0.0,3083,3.17858298765,53.5841712618,31.6878980892,25.2380952381,0.969929057061
060750180001,25.0,13.8966092273,5.0,30.2902452526,193.857569617,1799,10.8984302419,66.259032796,1.02156640182,7.74869109948,0.165069643983
060750180002,122.0,85.1360781577,0.0,0.0,126.793083956,1433,7.26777957234,75.1570132589,12.7118644068,23.6245954693,0.197171637601
060750201001,14.0,11.2994350282,2.0,26.1282114509,130.641057254,1239,16.1864269938,63.9225181598,7.57341576507,11.4911080711,0.0765456144505
060750201002,6.0,4.18410041841,0.0,0.0,222.972361741,1434,39.9677958421,60.7391910739,10.5354058722,8.24088748019,0.035878886233
060750201003,17.0,15.4545454545,1.0,37.2578147001,186.289073501,1100,40.9835961702,59.1818181818,29.5942720764,7.70925110132,0.0268400068026
060750201004,71.0,47.8436657682,4.0,120.831703996,422.910963985,1484,44.8285621824,71.5633423181,45.8878504673,15.0119142176,0.0331038946545
060750202001,8.0,7.85083415113,1.0,32.2848660173,258.278928139,1019,32.8982784717,66.6339548577,16.3580246914,20.0,0.0309742651391
060750202002,0.0,0.0,1.0,21.8809689425,0.0,2454,53.6958977848,59.0464547677,14.1166525782,1.33444537114,0.0457018152455
060750202003,25.0,10.0441944556,7.0,126.482328175,234.895752326,2489,44.9735021184,67.8987545199,15.4509803922,7.40740740741,0.0553436997957
060750203001,7.0,6.08695652174,1.0,29.2961390752,146.480695376,1150,33.6905599364,65.7391304348,7.16417910448,12.7604166667,0.0341341907694
060750203002,5.0,6.69344042838,0.0,0.0,27.7113974697,747,20.7004139099,63.453815261,20.4134366925,6.74698795181,0.0360862349541
060750203003,25.0,21.8340611354,2.0,52.6920031086,289.806017098,1145,30.1661717797,61.2227074236,11.5059221658,6.19047619048,0.0379564237836
060750204011,2.0,1.67364016736,0.0,0.0,21.6672554216,1195,25.8923702288,60.5857740586,2.84697508897,7.86885245902,0.0461525920355
060750204012,0.0,0.0,0.0,0.0,32.7537699437,670,21.9450258623,57.6119402985,0.0,6.27615062762,0.0305308366554
060750204013,1.0,0.816326530612,0.0,0.0,101.725468648,1225,24.9227398188,65.4693877551,0.0,10.2094240838,0.0491518993862
060750204021,0.0,0.0,0.0,0.0,0.0,2277,16.6502645671,61.7039964866,2.6706231454,9.53020134228,0.136754583738
060750204022,0.0,0.0,0.0,0.0,0.0,1851,20.2827076175,68.8816855754,3.0115146147,1.99652777778,0.0912600050698
060750205001,50.0,51.8134715026,3.0,111.882903493,223.765806985,965,35.9890006234,59.170984456,4.37375745527,0.0,0.0268137481809
060750205002,17.0,20.6310679612,4.0,101.232256539,202.464513077,824,20.853844847,64.8058252427,14.5631067961,5.72082379863,0.0395130972752
060750205003,1.0,1.16686114352,0.0,0.0,0.0,857,20.8892233128,66.1610268378,6.03448275862,7.38522954092,0.0410259389335
060750206001,8.0,5.90405904059,0.0,0.0,0.0,1355,16.45466609,65.4612546125,19.8907103825,16.9691470054,0.0823474625733
060750206002,0.0,0.0,0.0,0.0,24.1592176477,1011,24.4249690418,56.3798219585,7.805907173,5.57768924303,0.0413920688403
060750206003,1.0,1.15340253749,0.0,0.0,0.0,867,21.4030830158,57.9008073818,10.4700854701,11.6981132075,0.0405081828333
060750206004,22.0,16.0116448326,5.0,92.8235727227,334.164861802,1374,25.5079177842,67.3944687045,3.4435261708,8.90840652447,0.0538656275916
060750207001,19.0,7.31895223421,2.0,37.0683456465,55.6025184698,2596,48.1147126492,43.0662557781,11.0659072417,3.38050314465,0.0539543906025
060750207002,5.0,2.7352297593,0.0,0.0,18.3609572777,1828,33.5638299036,52.6258205689,7.29270729271,4.21052631579,0.0544633912533
060750207003,1.0,0.997008973081,1.0,37.2254727253,148.901890901,1003,37.3371491434,52.3429710867,4.09683426443,0.0,0.0268633257496
060750208001,22.0,27.989821883,3.0,111.903523324,559.517616618,786,29.3187231108,57.1246819338,32.6633165829,15.8562367865,0.0268088073628
060750208002,12.0,7.58533501896,2.0,60.0606640531,600.606640531,1582,47.507985266,61.8204804046,1.59857904085,17.0839469809,0.0332996651224
060750208003,13.0,7.36543909348,1.0,34.6787658268,589.539019056,1765,61.2080216844,52.9745042493,16.7146974063,3.74479889043,0.0288360896404
060750208004,19.0,9.27281600781,2.0,44.6071758614,490.678934476,2049,45.7000516701,60.6149341142,20.7990599295,3.29545454545,0.0448358355214
060750209001,26.0,12.5120307988,5.0,126.030261283,478.914992875,2078,52.3781765891,45.8132820019,21.2922173275,3.26704545455,0.0396730114586
060750209002,5.0,4.89236790607,0.0,0.0,344.067991915,1022,50.2339268196,65.2641878669,33.5164835165,6.66666666667,0.0203448160378
060750209003,10.0,13.6798905609,2.0,99.2413765945,347.344818081,731,36.2727231453,41.1764705882,2.94117647059,17.0731707317,0.0201528844987
060750209004,55.0,61.6591928251,2.0,49.3694076774,592.432892129,892,22.0187558241,48.2062780269,12.2666666667,11.1374407583,0.0405109174708
060750210001,2.0,2.0942408377,0.0,0.0,149.02409283,955,35.5795021631,75.2879581152,0.0,0.0,0.0268412974308
060750210002,4.0,3.27332242226,0.0,0.0,143.947900119,1222,43.9760834862,67.0212765957,0.0,0.0,0.0277878315467
060750210003,5.0,3.58937544867,0.0,0.0,0.0,1393,33.61726575,51.399856425,2.83783783784,9.75609756098,0.0414370404291
060750210004,1.0,1.01419878296,1.0,38.2937344387,114.881203316,986,37.7576221565,49.2900608519,13.672922252,0.0,0.0261139325965
060750211001,0.0,0.0,0.0,0.0,17.988925417,941,16.9275788174,63.655685441,4.14847161572,7.84708249497,0.05558975741
060750211002,2.0,2.14592274678,1.0,37.0202991755,37.0202991755,932,34.5029188316,40.4506437768,2.69662921348,13.5922330097,0.0270122074178
060750211003,3.0,3.30760749724,1.0,24.8489313893,149.093588336,907,22.5379807701,50.0551267916,8.62831858407,6.99588477366,0.0402431792472
060750211004,0.0,0.0,0.0,0.0,0.0,1213,30.2529439297,51.1953833471,0.0,4.78821362799,0.0400952714824
060750212001,0.0,0.0,0.0,0.0,0.0,859,21.4771491227,50.6402793946,8.28282828283,1.9801980198,0.0399959973781
060750212002,2.0,1.91938579655,0.0,0.0,0.0,1042,19.309801105,54.990403071,6.85185185185,6.73575129534,0.0539622337036
060750212003,0.0,0.0,0.0,0.0,0.0,941,23.8982280967,49.3092454835,9.18114143921,15.5136268344,0.039375304152
060750213001,0.0,0.0,1.0,21.3655205555,64.0965616666,1172,25.0403900911,53.4982935154,0.0,13.9616055846,0.0468043826688
060750213002,1.0,0.687757909216,0.0,0.0,13.6576944257,1454,19.858287695,57.1526822558,2.32896652111,3.51123595506,0.0732188002477
060750214001,1.0,1.25,1.0,35.856658304,143.426633216,800,28.6853266432,44.125,2.61904761905,5.61797752809,0.0278888230889
060750214002,1.0,0.751879699248,0.0,0.0,37.0933181753,1330,24.6670565866,55.037593985,3.44827586207,8.6301369863,0.0539180666056
060750214003,0.0,0.0,0.0,0.0,186.769526609,1329,24.8216700864,48.6832204665,1.22377622378,10.7644305772,0.053541925075
060750215001,0.0,0.0,0.0,0.0,87.8769283597,781,22.877293683,34.9551856594,31.6371681416,11.5459882583,0.0341386534099
060750215002,1.0,0.668449197861,0.0,0.0,48.3279901355,1496,36.1493366213,48.0614973262,9.33147632312,0.0,0.0413838852887
060750215003,1.0,0.941619585687,1.0,28.4474637111,28.4474637111,1062,30.2112064612,51.5065913371,9.8121085595,3.42741935484,0.0351525186975
060750215004,0.0,0.0,0.0,0.0,49.3038657299,844,20.806231338,47.7488151659,0.0,0.0,0.0405647705386
060750215005,0.0,0.0,0.0,0.0,49.0397419104,946,23.1957979236,49.577167019,0.0,8.71212121212,0.0407832488934
060750216001,1.0,0.497265042268,0.0,0.0,0.0,2011,19.9799822631,51.964196917,4.2576419214,9.48616600791,0.100650740001
060750216002,3.0,1.2908777969,0.0,0.0,0.0,2324,17.8602880169,49.2254733219,10.9682947729,4.02960526316,0.130121081911
060750217001,1.0,0.829187396352,1.0,3.5294624392,3.5294624392,1206,4.25653170167,56.6334991708,4.57627118644,4.53074433657,0.283329265356
060750217002,0.0,0.0,0.0,0.0,0.0,1156,17.1209454496,55.7093425606,5.35372848948,1.69172932331,0.0675196357237
060750217003,1.0,0.582411182295,0.0,0.0,0.0,1717,13.7748473556,45.6610366919,18.0285343709,2.65151515152,0.124647479256
060750218001,2.0,1.47819660015,0.0,0.0,18.346654839,1353,24.8230239972,53.5107169254,6.30048465267,0.0,0.0545058490921
060750218002,1.0,0.768049155146,0.0,0.0,18.7979552419,1302,24.4749377249,51.8433179724,8.63039399625,3.61663652803,0.0531972752958
060750218003,0.0,0.0,0.0,0.0,0.0,744,22.883146207,55.1075268817,0.0,0.0,0.0325130116842
060750218004,2.0,2.38379022646,2.0,37.8879308007,246.271550204,839,15.8939869709,46.2455303933,2.44498777506,7.25623582766,0.0527872585738
060750226001,5.0,7.71604938272,2.0,5.82141467719,14.553536693,648,1.88613835541,60.6481481481,5.43806646526,4.61095100865,0.343559102195
060750226002,4.0,3.28407224959,2.0,11.8084151731,35.4252455193,1218,7.19132484043,57.3070607553,1.47329650092,9.80066445183,0.169370738637
060750227021,0.0,0.0,2.0,38.3465000046,76.6930000091,1355,25.9797537531,51.9557195572,5.67107750473,3.99274047187,0.0521559985856
060750227022,3.0,3.1847133758,1.0,17.5458244413,70.1832977652,942,16.5281666237,56.050955414,1.74291938998,10.5263157895,0.0569936171051
060750227041,0.0,0.0,0.0,0.0,0.0,1209,11.5712319726,52.6054590571,7.2131147541,5.86419753086,0.104483256655
060750227042,0.0,0.0,0.0,0.0,9.32656593147,2105,19.6324212857,53.5866983373,2.47770069376,4.26944971537,0.107220600524
060750228011,2.0,1.90839694656,0.0,0.0,83.4902612311,1048,8.74977937702,52.0992366412,13.6524822695,2.92598967298,0.119774448571
060750228012,5.0,2.03583061889,1.0,20.1950329165,100.975164583,2456,49.599000843,54.2345276873,4.40985732815,0.0,0.0495171265198
060750228013,6.0,4.04312668464,3.0,56.5126646822,37.6751097882,1484,27.9549314628,60.6469002695,15.7804459691,10.1694915254,0.0530854458353
060750228021,2.0,3.2414910859,1.0,26.3495886635,52.699177327,617,16.2576962054,41.4910858995,7.85123966942,5.83657587549,0.0379512565744
060750228022,34.0,21.2102308172,0.0,0.0,13.2383993825,1603,21.2211542101,51.7155333749,11.1764705882,16.2561576355,0.0755378328686
060750228031,7.0,3.25884543762,0.0,0.0,56.4088656307,2148,40.3887477916,55.0279329609,14.7135416667,1.41206675225,0.0531831293974
060750228032,3.0,1.81268882175,0.0,0.0,110.296741577,1655,60.8470357701,48.6404833837,13.6268343816,4.79041916168,0.0271993529192
060750228033,3.0,2.66193433895,0.0,0.0,176.578374222,1127,39.8007655496,44.809228039,14.201183432,17.7615571776,0.028316038258
060750229011,31.0,19.2906036092,1.0,25.2503712791,126.251856395,1607,40.5773466454,52.3335407592,16.5784832451,7.80487804878,0.0396033780632
060750229012,9.0,4.92880613363,0.0,0.0,28.5954528408,1826,52.2152968872,58.1051478642,17.7685950413,13.5714285714,0.0349705949952
060750229013,2.0,1.25707102451,0.0,0.0,47.0043874463,1591,74.7839804271,56.1282212445,13.9841688654,0.0,0.0212746097615
060750229021,4.0,3.11769290725,0.0,0.0,387.071160124,1283,38.2009460338,45.5962587685,20.6088992974,11.5942028986,0.0335855556788
060750229022,4.0,3.39847068819,0.0,0.0,0.0,1177,40.5365657775,50.3823279524,7.01298701299,6.55339805825,0.0290355134291
060750229031,5.0,3.76789751319,1.0,30.0473396921,180.284038153,1327,39.8728197715,53.2027128862,28.6956521739,5.54414784394,0.0332808165464
060750229032,3.0,2.89855072464,0.0,0.0,53.9928931061,1035,18.6275481216,48.4057971014,13.4502923977,5.78512396694,0.0555628681372
060750229033,7.0,9.52380952381,0.0,0.0,32.5732357288,735,23.9413282607,41.2244897959,6.73076923077,0.0,0.030700051058
060750230011,0.0,0.0,0.0,0.0,59.814646433,1660,11.032479231,53.2530120482,21.6842105263,11.8738404453,0.150464819851
060750230012,2.0,1.46735143067,0.0,0.0,0.0,1363,35.964119612,53.5583272194,1.70316301703,0.0,0.0378988840741
060750230013,0.0,0.0,0.0,0.0,30.1004497338,1812,27.2710074588,47.0198675497,30.5803571429,6.66666666667,0.0664441899602
060750230031,3.0,0.896325067224,0.0,0.0,0.0,3347,31.074791194,46.3101284733,8.5201793722,2.72628135224,0.107707883831
060750230032,1.0,0.978473581213,0.0,0.0,214.226642995,1022,19.9036026492,49.1193737769,17.3387096774,15.6462585034,0.0513474880912
060750231021,6.0,2.16841344416,0.0,0.0,15.392035623,2767,21.2948812844,45.5366823274,33.2648870637,3.75494071146,0.129937329213
060750231022,3.0,1.42653352354,0.0,0.0,0.0,2103,32.9740473645,42.463147884,39.1696750903,0.0,0.0637774300727
060750231031,4.0,8.67678958785,0.0,0.0,0.0,461,1.7069846787,53.1453362256,55.701754386,12.3076923077,0.270066864543
060750231032,7.0,2.8305701577,1.0,5.2074570673,26.0372853365,2473,12.8780413274,42.3372422159,45.085995086,5.89595375723,0.192032308107
060750232001,4.0,2.4434941967,1.0,13.3836734103,93.6857138721,1637,21.9090733727,53.5125229078,33.3333333333,8.31460674157,0.0747179021292
060750232002,1.0,0.790513833992,0.0,0.0,55.1625802269,1265,6.3436967261,50.1976284585,20.320855615,0.0,0.199410541616
060750232003,7.0,4.94001411433,0.0,0.0,52.9506015213,1417,25.0103341186,39.1672547636,37.3033707865,14.4230769231,0.0566565801673
060750233001,4.0,1.188001188,0.0,0.0,40.905399893,3367,13.772848144,48.9159489159,11.9019836639,16.2267839687,0.244466501395
060750234001,4.0,3.16957210777,0.0,0.0,46.1553097607,1262,8.32114298829,52.2979397781,12.0393120393,7.70975056689,0.151661857244
060750234002,9.0,3.69306524415,0.0,0.0,11.0972162485,2437,13.5219579988,58.0631924497,37.4045801527,17.3501577287,0.180225378619
060750251001,0.0,0.0,0.0,0.0,46.7985728513,1862,29.0463142164,53.276047261,9.56651718984,0.741839762611,0.0641045189461
060750251002,0.0,0.0,0.0,0.0,0.0,828,19.8853145834,60.38647343,3.44827586207,2.83505154639,0.0416387679726
060750251003,6.0,8.42696629213,0.0,0.0,109.456475224,712,6.49441752995,45.2247191011,2.62295081967,6.72782874618,0.109632618586
060750252001,3.0,1.4684287812,0.0,0.0,120.455182167,2043,41.014989528,44.9339207048,10.2787456446,0.0,0.0498110574576
060750252002,2.0,1.6992353441,0.0,0.0,9.70557667512,1177,11.4234637466,54.8853016143,5.56701030928,11.6575591985,0.103033547977
060750252003,1.0,0.680272108844,0.0,0.0,18.9856732283,1470,27.9089396456,41.0884353741,2.77296360485,7.82747603834,0.0526712952433
060750252004,1.0,0.789265982636,2.0,40.4548764127,121.364629238,1267,25.6281642075,56.0378847672,8.25335892514,0.0,0.0494377977971
060750253001,1.0,0.812347684809,0.0,0.0,0.0,1231,36.590444973,48.7408610885,0.0,7.24907063197,0.0336426627473
060750253002,1.0,1.53846153846,0.0,0.0,74.5615840092,650,24.232514803,51.8461538462,2.28013029316,0.0,0.0268234644768
060750253003,12.0,11.673151751,3.0,95.0925043471,602.252527532,1028,32.5850314896,51.0700389105,28.4789644013,18.253968254,0.0315482279134
060750253004,18.0,9.95024875622,8.0,144.079912972,306.169815065,1809,32.5800703207,56.7164179104,8.54961832061,11.3667117727,0.0555247420338
060750254011,3.0,2.0297699594,0.0,0.0,54.9587046327,1478,27.0763218157,45.0608930988,7.74774774775,14.8773006135,0.0545864394011
060750254012,3.0,3.08008213552,1.0,18.9691612048,94.845806024,974,18.4759630135,56.3655030801,4.85175202156,7.25,0.0527171438528
060750254013,1.0,1.11234705228,2.0,54.998666143,164.995998429,899,24.7219004313,47.7196885428,3.57142857143,14.6814404432,0.0363645182739
060750254021,3.0,2.29007633588,0.0,0.0,114.485140283,1310,37.4938834428,53.7404580153,2.20588235294,0.0,0.0349390321757
060750254022,1.0,1.29701686122,0.0,0.0,0.0,771,24.4850901657,50.9727626459,3.9755351682,7.36543909348,0.0314885505744
060750254023,2.0,1.6583747927,0.0,0.0,41.0611532961,1206,24.7598754375,55.3067993367,2.08816705336,0.0,0.0487078379309
060750254031,1.0,0.417362270451,1.0,13.3760999422,13.3760999422,2396,32.0491354615,54.0066777963,11.0619469027,6.74002751032,0.0747602069604
060750254032,0.0,0.0,0.0,0.0,7.9315705419,2729,21.6452560089,51.5939904727,14.375,5.32544378698,0.126078434872
060750255001,2.0,1.93986420951,0.0,0.0,0.0,1031,16.7677270042,49.4665373424,12.4352331606,3.74064837905,0.0614871651801
060750255002,2.0,1.61812297735,1.0,17.5942923026,52.7828769077,1236,21.746545286,54.4498381877,0.0,4.375,0.0568366139884
060750255003,5.0,3.39673913043,0.0,0.0,75.8504736881,1472,37.2172990896,51.1548913043,6.9825436409,0.0,0.0395514998672
060750255004,1.0,0.762195121951,0.0,0.0,255.026201505,1312,37.1771529305,46.2652439024,3.86363636364,0.0,0.0352904915138
060750255005,0.0,0.0,1.0,18.6068014364,55.8204043091,1522,28.3195517862,48.7516425756,6.84210526316,0.0,0.0537437884431
060750255006,4.0,1.88412623646,1.0,5.88191829177,35.2915097506,2123,12.4873125334,52.6142251531,4.06386066763,0.0,0.170012562296
060750256001,1.0,0.49115913556,0.0,0.0,14.7593534245,2036,30.0500435723,49.0667976424,2.55474452555,1.26126126126,0.0677536455182
060750256002,0.0,0.0,0.0,0.0,0.0,829,17.1695022167,61.7611580217,8.16326530612,5.50964187328,0.0482832868151
060750256003,0.0,0.0,0.0,0.0,0.0,954,21.5047066902,58.4905660377,6.79611650485,20.3608247423,0.0443623813959
060750256004,1.0,0.568504832291,0.0,0.0,70.0043576075,1759,30.7844162579,58.0443433769,18.3770883055,0.0,0.0571393001336
060750257011,1.0,0.524109014675,0.0,0.0,13.3474119448,1908,25.4668619908,47.641509434,4.29594272076,7.30088495575,0.0749208913407
060750257012,2.0,0.92980009298,0.0,0.0,75.237886682,2151,20.2295867816,39.9349139935,17.9276315789,0.0,0.106329408664
060750257013,0.0,0.0,0.0,0.0,16.9766717834,1057,17.944342075,52.2232734153,18.0592991914,0.0,0.0589043608052
060750257021,3.0,1.62601626016,1.0,20.1928740895,121.157244537,1845,37.2558526952,49.4850948509,4.2194092827,0.0,0.0495224204126
060750257022,6.0,3.72670807453,1.0,10.2626967084,328.406294668,1610,16.5229417005,45.0931677019,20.1570680628,8.61244019139,0.0974402760226
060750257023,0.0,0.0,0.0,0.0,0.0,1376,23.2229603871,48.1831395349,1.73410404624,15.8150851582,0.0592517050826
060750258001,0.0,0.0,0.0,0.0,0.0,1139,28.6287961666,41.3520632133,14.6875,11.6022099448,0.0397851168234
060750258002,2.0,2.33918128655,0.0,0.0,18.356079885,855,15.6944483017,45.1461988304,31.8791946309,0.0,0.0544778627171
060750259001,2.0,0.999000999001,0.0,0.0,0.0,2002,12.8062546688,46.8031968032,2.62751159196,1.37195121951,0.156329860039
060750259002,0.0,0.0,0.0,0.0,0.0,1455,13.9600024453,55.3264604811,6.92167577413,12.7186009539,0.104226342774
060750259003,0.0,0.0,0.0,0.0,0.0,539,21.4824989489,54.9165120594,16.5745856354,0.0,0.0250901909169
060750260011,7.0,2.52343186734,2.0,24.7071509277,148.242905566,2774,34.2688183367,37.1665465032,17.1761280932,11.3548387097,0.080948224498
060750260012,10.0,3.7397157816,0.0,0.0,183.256064525,2674,35.0019083242,50.1495886313,17.3126614987,11.8451025057,0.076395834628
060750260021,0.0,0.0,0.0,0.0,0.0,1849,30.3033998537,46.1330448891,8.92388451444,2.05655526992,0.0610162558962
060750260022,1.0,0.588235294118,0.0,0.0,13.1046378244,1700,22.2778843015,53.6470588235,2.36886632826,7.07547169811,0.076308862053
060750260031,1.0,0.407166123779,0.0,0.0,13.4824618341,2456,33.1129262645,54.0309446254,6.31741140216,7.8125,0.0741704306162
060750260032,0.0,0.0,0.0,0.0,24.8551355763,2641,32.8212065286,50.8140855736,4.16666666667,1.0989010989,0.0804662679814
060750260041,2.0,0.849617672048,0.0,0.0,103.59883422,2354,34.8388079649,51.7417162277,17.4578866769,4.11160058737,0.0675683278938
060750260042,0.0,0.0,0.0,0.0,0.0,2304,37.704242914,46.2673611111,11.9170984456,0.0,0.0611071811004
060750261001,6.0,3.73831775701,1.0,16.3684583178,245.526874766,1605,26.2713756,37.8193146417,16.5271966527,0.0,0.061093108501
060750261002,2.0,0.746547219112,0.0,0.0,228.404444244,2679,33.9941947849,45.2780888391,11.4449213162,0.0,0.0788075733798
060750261003,0.0,0.0,0.0,0.0,21.4150696287,1720,36.8339197613,40.6976744186,6.22222222222,0.0,0.046696089125
060750261004,4.0,3.83509108341,0.0,0.0,9.65569467166,1043,10.0708895425,40.1725790988,18.3333333333,2.7027027027,0.103565826593
060750262001,1.0,0.666666666667,0.0,0.0,24.2216584189,1500,18.1662438141,50.5333333333,0.0,0.0,0.0825707292793
060750262002,1.0,0.62656641604,0.0,0.0,43.348418235,1596,34.5920377515,53.1954887218,13.2352941176,5.77367205543,0.0461377849858
060750262003,0.0,0.0,1.0,21.3706425714,128.223855429,1932,41.288081448,52.4327122153,12.5319693095,7.34597156398,0.0467931648128
060750262004,3.0,1.83038438072,0.0,0.0,71.9048847416,1639,29.4630265229,48.6272117145,10.152284264,2.23325062035,0.0556290440403
060750262005,0.0,0.0,0.0,0.0,0.0,1200,18.9306916215,42.3333333333,1.9305019305,15.9090909091,0.063389126187
060750263011,2.0,1.45243282498,0.0,0.0,175.69883333,1377,34.5624704993,42.4836601307,9.14454277286,4.23728813559,0.0398409019988
060750263012,5.0,2.56147540984,3.0,43.4437013188,275.143441686,1952,28.2673683248,49.6926229508,8.73634945398,0.927357032457,0.0690548896372
060750263013,0.0,0.0,0.0,0.0,0.0,1343,40.7036205924,57.8555472822,29.4736842105,0.0,0.0329946078617
060750263021,0.0,0.0,0.0,0.0,193.391859566,1198,28.96043097,52.1702838063,5.99369085174,6.76470588235,0.0413667877126
060750263022,0.0,0.0,0.0,0.0,0.0,1464,25.9195854634,43.0327868852,9.75,0.0,0.0564823848001
060750263023,1.0,0.379794910748,0.0,0.0,0.0,2633,15.2847265068,49.4492973794,1.01910828025,1.50564617315,0.172263468295
060750263031,3.0,1.09930377428,0.0,0.0,97.5054120094,2729,33.2615336717,49.9083913521,5.1724137931,5.69105691057,0.0820467278188
060750263032,0.0,0.0,0.0,0.0,0.0,2636,32.1903209733,54.7420333839,16.8128654971,3.93258426966,0.0818879688148
060750264011,1.0,0.423908435778,0.0,0.0,28.3801071001,2359,33.4743363245,50.7418397626,17.1428571429,0.0,0.0704718975495
060750264012,1.0,0.693000693001,0.0,0.0,0.0,1443,23.514386901,46.7082467082,7.62711864407,0.0,0.0613666861089
060750264021,1.0,1.16144018583,0.0,0.0,0.0,861,25.9968115587,55.1684088269,3.6231884058,0.0,0.0331194461311
060750264022,0.0,0.0,0.0,0.0,0.0,1562,22.1883199729,44.814340589,19.8135198135,0.0,0.0703973983568
060750264023,1.0,0.577367205543,0.0,0.0,0.0,1732,31.2074609912,46.7090069284,0.0,6.31163708087,0.0554995486653
060750264031,0.0,0.0,0.0,0.0,62.8650584792,1887,23.7252730701,45.6809750927,12.4153498871,9.22131147541,0.0795354386197
060750264032,5.0,2.56937307297,0.0,0.0,271.791917423,1946,29.3837261836,48.8694758479,19.806763285,8.40707964602,0.0662271349739
060750264041,2.0,1.51860288535,0.0,0.0,25.8104969332,1317,33.992424461,43.9635535308,14.3266475645,14.4607843137,0.0387439266509
060750264042,0.0,0.0,0.0,0.0,58.5059789558,1159,33.9042148049,45.4702329594,24.3506493506,7.22891566265,0.0341845403785
060750301011,1.0,0.784929356358,0.0,0.0,0.0,1274,33.9949452325,53.9246467818,18.3144246353,4.19254658385,0.0374761598021
060750301012,2.0,1.23685837972,0.0,0.0,26.2921056734,1617,42.514334874,42.7952999382,9.78792822186,0.0,0.0380342302142
060750301013,1.0,0.919117647059,0.0,0.0,129.510304893,1088,46.9690705745,54.5955882353,17.2995780591,2.06611570248,0.0231641798889
060750301014,0.0,0.0,1.0,28.3195679389,84.9587038168,749,21.2113563863,48.0640854473,12.7819548872,6.77570093458,0.035311273186
060750301021,0.0,0.0,0.0,0.0,0.0,2865,9.95961042207,57.6265270506,16.6522864538,6.45682001614,0.287661854087
060750301022,0.0,0.0,0.0,0.0,0.0,1319,9.24798357916,49.279757392,1.92023633678,5.31468531469,0.142625685774
060750301023,0.0,0.0,0.0,0.0,0.0,1045,16.9942807153,40.3827751196,0.0,0.0,0.0614912756537
060750302011,1.0,0.636537237428,2.0,41.9358234395,146.775382038,1571,32.9405893117,47.9312539784,11.3116726835,4.26267281106,0.0476919215116
060750302012,0.0,0.0,0.0,0.0,44.6866871423,1198,26.7673255982,40.8180300501,13.5658914729,7.69230769231,0.04475605886
060750302013,0.0,0.0,0.0,0.0,21.3758641331,1415,30.2468477484,47.4911660777,1.53256704981,1.50943396226,0.0467817344726
060750302021,14.0,10.4712041885,3.0,64.5432986169,602.404120424,1337,28.7647967502,45.4001495886,11.7037037037,8.28804347826,0.0464804257652
060750302022,5.0,3.47222222222,3.0,67.818033497,361.696178651,1440,32.5526560786,48.4722222222,9.34579439252,8.65853658537,0.044236021679
060750302023,1.0,0.658327847268,0.0,0.0,129.313030046,1519,32.7377487734,51.2179065174,11.6427432217,3.24074074074,0.0463990364919
060750303011,1.0,0.78431372549,0.0,0.0,0.0,1275,19.3497350779,50.2745098039,8.85826771654,9.60854092527,0.0658923750051
060750303012,1.0,0.627746390458,0.0,0.0,13.1109554263,1593,20.885751994,46.1393596987,0.0,8.42857142857,0.0762720921159
060750303013,1.0,0.759301442673,0.0,0.0,13.7549194406,1317,18.1152289033,44.874715262,14.1065830721,13.7837837838,0.0727012618516
060750303014,0.0,0.0,0.0,0.0,0.0,1463,19.0430310993,52.1531100478,2.9520295203,5.24475524476,0.0768260048714
060750303021,0.0,0.0,0.0,0.0,0.0,1546,21.4615166973,44.0491591203,7.09939148073,0.0,0.0720359153459
060750303022,0.0,0.0,0.0,0.0,0.0,1173,14.3444439113,52.0886615516,4.30839002268,2.0,0.0817738217844
060750303023,1.0,0.821692686935,0.0,0.0,26.2604496823,1217,15.9794836317,48.0690221857,20.4592901879,1.64271047228,0.076160158116
060750304001,0.0,0.0,0.0,0.0,0.0,1080,9.9629333593,49.7222222222,0.0,3.5799522673,0.108401809091
060750304002,1.0,0.858369098712,1.0,9.66922620433,9.66922620433,1165,11.264648528,47.8111587983,11.5124153499,2.20750551876,0.103420892103
060750304003,2.0,1.31578947368,0.0,0.0,0.0,1520,17.7886391247,46.25,10.8695652174,8.36653386454,0.0854477956039
060750304004,0.0,0.0,0.0,0.0,0.0,728,18.7819524454,41.2087912088,13.9097744361,7.63888888889,0.038760613526
060750304005,1.0,1.08932461874,0.0,0.0,232.079597565,918,23.6721189516,45.7516339869,4.90956072351,0.0,0.0387797983728
060750305001,0.0,0.0,0.0,0.0,0.0,671,3.76034280961,49.478390462,10.2777777778,7.9283887468,0.178441177832
060750305002,0.0,0.0,0.0,0.0,0.0,924,14.6382272556,54.7619047619,0.0,11.3989637306,0.0631223975324
060750305003,3.0,2.43902439024,0.0,0.0,5.15142622782,1230,6.33625426022,51.0569105691,17.3469387755,0.0,0.194120997909
060750306001,0.0,0.0,0.0,0.0,0.0,781,13.0664559708,46.9910371319,4.79233226837,0.0,0.0597713719578
060750306002,2.0,2.98507462687,2.0,31.2516379083,93.7549137248,670,10.4692986993,48.8059701493,0.0,0.0,0.0639966457397
060750306003,0.0,0.0,0.0,0.0,0.0,902,11.7768203134,58.9800443459,1.5625,0.0,0.0765911320711
060750307001,1.0,0.362450163103,0.0,0.0,0.0,2759,9.79406560534,53.7876042044,2.82828282828,4.99040307102,0.281701196538
060750307002,0.0,0.0,0.0,0.0,0.0,1262,12.2328304799,51.2678288431,2.68006700168,3.70967741935,0.103165003559
060750307003,2.0,0.693481276006,0.0,0.0,0.0,2884,16.9854552617,53.5367545076,2.70774976657,6.21716287215,0.169792328528
060750308001,2.0,2.0725388601,2.0,26.0196091231,104.078436492,965,12.5544614019,54.9222797927,0.0,2.74314214464,0.0768651054879
060750308002,0.0,0.0,0.0,0.0,0.0,804,10.1229955104,54.3532338308,0.0,0.0,0.0794231311445
060750308003,0.0,0.0,1.0,10.7185655205,107.185655205,582,6.23820513293,52.2336769759,3.05676855895,0.0,0.0932960663521
060750308004,6.0,3.43053173242,3.0,22.7156397901,136.293838741,1749,13.2432179976,43.7964551172,2.4154589372,13.5097493036,0.132067598699
060750308005,2.0,1.2936610608,0.0,0.0,61.1966584101,1546,15.7683389837,54.2043984476,4.3630017452,19.8601398601,0.0980445690317
060750309001,1.0,0.999000999001,0.0,0.0,0.0,1001,10.312157561,46.953046953,0.0,10.4519774011,0.0970698899895
060750309002,1.0,0.956022944551,1.0,8.93848331837,8.93848331837,1046,9.34965355101,45.4110898662,1.73267326733,3.1175059952,0.111875803129
060750309003,1.0,1.01936799185,0.0,0.0,55.4239275353,981,7.76726755887,50.254841998,5.03144654088,0.0,0.126299241344
060750309004,0.0,0.0,0.0,0.0,8.53195984366,888,7.57638034117,51.9144144144,12.5382262997,0.0,0.117206365047
060750309005,0.0,0.0,0.0,0.0,0.0,653,7.41906240547,46.8606431853,0.0,0.0,0.0880165126416
060750309006,0.0,0.0,0.0,0.0,87.6582014258,1087,11.9105581187,51.885924563,8.99182561308,0.0,0.0912635654152
060750309007,6.0,6.23052959502,0.0,0.0,23.9023044429,963,11.5089595892,49.94807892,9.4387755102,19.0082644628,0.0836739405099
060750310001,0.0,0.0,0.0,0.0,0.0,670,8.47228189444,48.6567164179,9.88593155894,0.0,0.0790814102207
060750310002,6.0,4.0733197556,0.0,0.0,64.9441645485,1473,9.56627543799,52.0027155465,7.36607142857,0.0,0.153978422381
060750310003,0.0,0.0,0.0,0.0,70.617622101,1601,18.8431354973,54.341036852,1.95758564437,6.12557427259,0.0849646281125
060750311001,1.0,0.509424350484,0.0,0.0,49.4932105924,1963,32.3850574643,50.6367804381,2.30215827338,0.0,0.0606143744585
060750311002,0.0,0.0,0.0,0.0,13.8282059683,1114,15.4046214487,44.5242369838,7.98122065728,8.97435897436,0.0723159607468
060750311003,4.0,4.60299194476,0.0,0.0,0.0,869,6.08561226106,50.8630609896,3.80228136882,0.0,0.142795821147
060750311004,0.0,0.0,0.0,0.0,136.769391749,946,14.3759827327,43.1289640592,10.3448275862,7.01402805611,0.065804197013
060750311005,1.0,0.584795321637,1.0,12.7153738752,38.1461216256,1710,21.7432893266,54.9707602339,8.0118694362,6.38888888889,0.0786449545106
060750312011,2.0,1.02669404517,0.0,0.0,13.780015529,1948,26.8434702505,49.2813141684,15.7024793388,0.0,0.0725688587138
060750312012,3.0,1.12359550562,1.0,21.2310294888,233.541324377,2670,56.6868487352,49.3258426966,5.78512396694,7.63358778626,0.0471008718878
060750312013,0.0,0.0,1.0,28.3131062418,84.9393187254,999,28.2847931356,38.7387387387,7.8431372549,11.4583333333,0.0353193320245
060750312014,0.0,0.0,0.0,0.0,0.0,1552,37.49852836,49.2268041237,15.6327543424,3.125,0.0413882908977
060750312021,1.0,0.851788756388,0.0,0.0,0.0,1174,24.371227441,53.7478705281,13.9601139601,0.0,0.0481715581558
060750312022,1.0,0.553097345133,0.0,0.0,13.9655368877,1808,25.249690693,46.0730088496,7.31707317073,4.82142857143,0.0716048375396
060750313011,0.0,0.0,0.0,0.0,0.0,1181,25.2415947909,51.0584250635,6.32911392405,15.9574468085,0.0467878519477
060750313012,0.0,0.0,0.0,0.0,0.0,1902,27.0158788651,42.9022082019,4.27184466019,5.67765567766,0.070403039986
060750313013,0.0,0.0,0.0,0.0,0.0,1280,22.8461209437,59.921875,14.8796498906,5.38302277433,0.0560270167157
060750313021,0.0,0.0,0.0,0.0,16.0690151717,2012,32.3308585254,48.1610337972,17.7391304348,5.5829228243,0.062231567356
060750313022,0.0,0.0,0.0,0.0,71.8220533673,1359,19.5212341052,45.6953642384,2.24719101124,0.0,0.0696165003029
060750313023,3.0,1.02389078498,0.0,0.0,15.1251256057,2930,22.1583090124,51.5017064846,28.90625,0.0,0.132230306851
060750314001,0.0,0.0,0.0,0.0,0.0,849,26.8978467209,46.2897526502,10.8527131783,4.08921933086,0.0315638649
060750314002,2.0,1.27551020408,0.0,0.0,38.0728785624,1568,19.8994245286,47.4489795918,10.3982300885,5.83333333333,0.0787962484917
060750314003,1.0,0.506329113924,0.0,0.0,109.409520329,1975,30.8691146643,54.582278481,26.3498920086,8.13492063492,0.0639798070492
060750314004,2.0,1.89753320683,0.0,0.0,27.3207492069,1054,14.3980348321,53.9848197343,24.9258160237,3.43839541547,0.0732044346534
060750314005,1.0,0.883392226148,0.0,0.0,0.0,1132,21.8914307962,47.5265017668,20.4678362573,11.1688311688,0.0517097311061
060750326011,5.0,2.72182906913,3.0,55.489996174,314.443311653,1837,33.9783743239,49.4284158955,6.60522273425,1.21396054628,0.0540637990061
060750326012,8.0,6.15384615385,0.0,0.0,281.080758286,1300,24.3603323848,60.0,4.26829268293,0.0,0.0533654459006
060750326013,1.0,0.61387354205,0.0,0.0,18.6563579514,1629,30.3912071028,47.5751995089,11.5015974441,8.47953216374,0.0536010298797
060750326021,0.0,0.0,0.0,0.0,91.9848207028,1552,20.3943488187,48.0670103093,19.4762684124,12.3385939742,0.0760995123599
060750326022,0.0,0.0,0.0,0.0,37.6421593283,1816,34.1790806701,45.2092511013,1.39616055846,6.98051948052,0.0531319147384
060750326023,0.0,0.0,0.0,0.0,18.847432245,1172,22.0891905912,53.6689419795,8.93617021277,0.0,0.0530576254102
060750327001,0.0,0.0,0.0,0.0,0.0,1101,23.6195429523,50.0454132607,3.35570469799,0.0,0.0466139417779
060750327002,0.0,0.0,0.0,0.0,155.038950879,1342,29.7231817256,45.0074515648,10.5263157895,0.0,0.0451499443225
060750327003,2.0,1.32362673726,0.0,0.0,66.3228039797,1511,33.4045856045,43.7458636664,20.2959830867,10.2466793169,0.0452333107164
060750327004,0.0,0.0,0.0,0.0,0.0,831,18.4175109831,49.6991576414,8.05860805861,0.0,0.0451201034038
060750327005,0.0,0.0,0.0,0.0,0.0,679,14.9579288665,52.7245949926,0.0,0.0,0.0453939850937
060750327006,0.0,0.0,0.0,0.0,0.0,933,18.9419146528,41.8006430868,0.0,3.9603960396,0.0492558443591
060750327007,0.0,0.0,0.0,0.0,21.6275748833,733,15.8530123895,31.9236016371,3.7037037037,0.0,0.0462372691065
060750328011,4.0,3.03720577069,0.0,0.0,29.1496569408,1317,19.1950490955,38.1169324222,5.81395348837,4.86725663717,0.0686114421197
060750328012,4.0,2.93470286134,1.0,14.6211661987,190.075160584,1363,19.9286495289,44.02054292,14.920071048,10.6349206349,0.0683939971961
060750328013,1.0,0.698812019567,0.0,0.0,0.0,1431,15.8678948044,48.2879105521,24.4845360825,4.90196078431,0.0901820952077
060750328021,0.0,0.0,1.0,8.23664575634,8.23664575634,1139,9.38153951647,48.726953468,5.40540540541,7.67754318618,0.121408644925
060750328022,0.0,0.0,3.0,44.2877074911,132.863122473,1555,22.9557950496,47.5884244373,21.5841584158,0.0,0.0677388867013
060750328023,1.0,0.77399380805,0.0,0.0,49.6143073175,1292,21.3672283514,43.9628482972,8.12807881773,18.8,0.0604664291855
060750329011,0.0,0.0,0.0,0.0,0.0,1364,21.3078439093,46.7741935484,10.4325699746,0.0,0.0640139849815
060750329012,0.0,0.0,0.0,0.0,0.0,1294,20.3466441393,50.4636785162,9.93520518359,0.0,0.063597711305
060750329013,0.0,0.0,0.0,0.0,0.0,1449,22.9542505962,47.4810213941,21.5811965812,8.94941634241,0.063125563343
060750329014,4.0,2.71186440678,0.0,0.0,172.003621097,1475,23.0641219198,49.8983050847,5.36082474227,0.0,0.0639521419949
060750329021,0.0,0.0,0.0,0.0,46.4690696412,1233,19.0987876225,53.8523925385,7.00808625337,0.0,0.0645590717258
060750329022,0.0,0.0,1.0,15.4114065054,46.2342195163,1481,22.8242930345,49.7636731938,14.3403441683,0.0,0.0648870042879
060750329023,1.0,0.780640124902,0.0,0.0,0.0,1281,19.9011159798,44.9648711944,8.56531049251,11.8867924528,0.0643682495645
060750330001,5.0,4.40917107584,2.0,29.3819816565,279.128825736,1134,16.6595835992,51.0582010582,0.0,0.0,0.0680689282086
060750330002,0.0,0.0,0.0,0.0,0.0,1396,20.6110639796,54.5128939828,0.0,0.0,0.067730613101
060750330003,3.0,2.34925606891,0.0,0.0,26.2125404296,1277,5.57890235476,48.0031323414,3.28947368421,3.38983050847,0.228898073276
060750330004,0.0,0.0,0.0,0.0,11.0647435978,2176,24.0768820687,47.4724264706,12.0078740157,18.1964573269,0.090377150737
060750330005,1.0,0.755287009063,1.0,15.6824198022,156.824198022,1324,20.7635238181,45.6193353474,6.16016427105,0.0,0.0637656696233
060750330006,0.0,0.0,0.0,0.0,0.0,1463,23.023165346,42.2419685578,18.2584269663,3.78378378378,0.063544694138
060750331001,0.0,0.0,0.0,0.0,14.9988258056,654,9.80923207687,48.3180428135,3.93700787402,3.78787878788,0.0666718857169
060750331002,1.0,0.896860986547,0.0,0.0,0.0,1115,16.4864710852,49.0582959641,0.911854103343,2.94985250737,0.0676312107205
060750331003,0.0,0.0,0.0,0.0,0.0,844,11.6904014622,54.7393364929,6.90909090909,11.003236246,0.0721959808422
060750331004,1.0,0.484496124031,0.0,0.0,14.5215376691,2064,14.9862268745,50.3875968992,4.4233807267,1.55520995334,0.137726461589
060750332011,26.0,7.02323068612,0.0,0.0,10.6713647081,3702,9.87634803737,40.8427876823,34.2327150084,21.8708827404,0.374834907194
060750332031,7.0,3.06479859895,1.0,9.71178400726,0.0,2284,22.1817146726,49.5183887916,14.5717463849,8.91590678825,0.102967693603
060750332032,0.0,0.0,0.0,0.0,0.0,1647,25.0423229307,51.3054037644,23.9316239316,3.78289473684,0.065768659104
060750332041,0.0,0.0,0.0,0.0,0.0,942,17.4814604319,40.2335456476,21.9638242894,0.0,0.0538856581043
060750332042,3.0,1.79104477612,0.0,0.0,0.0,1675,58.6452446462,50.8059701493,23.4817813765,3.76623376623,0.0285615655644
060750332043,4.0,3.5746201966,0.0,0.0,0.0,1119,18.0954717187,53.3512064343,44.2190669371,8.19366852886,0.0618386752994
060750351001,0.0,0.0,0.0,0.0,40.2814948157,1358,27.3511349799,46.7599410898,6.89655172414,0.0,0.0496505904051
060750351002,2.0,2.60416666667,0.0,0.0,41.0035786922,768,15.7453742178,47.65625,10.7784431138,0.0,0.048776230363
060750351003,0.0,0.0,0.0,0.0,20.105339006,1243,24.9909363845,46.8222043443,5.55555555556,0.0,0.049738032256
060750351004,0.0,0.0,0.0,0.0,39.7941672623,864,17.1910802573,39.1203703704,0.0,0.0,0.0502586217426
060750351005,0.0,0.0,0.0,0.0,41.2874988272,1131,23.3480805868,51.6357206012,2.72479564033,10.9223300971,0.0484408127595
060750351006,0.0,0.0,0.0,0.0,0.0,940,19.2534432175,45.4255319149,3.37837837838,0.0,0.0488224360382
060750351007,0.0,0.0,0.0,0.0,0.0,1727,27.084071738,47.36537348,3.00751879699,11.4808652246,0.063764415362
060750352011,3.0,2.81690140845,1.0,22.8894714205,114.447357103,1065,24.3772870629,53.3333333333,14.3631436314,22.641509434,0.0436882085054
060750352012,1.0,0.868055555556,0.0,0.0,0.0,1152,6.88181712626,44.2708333333,13.0434782609,0.0,0.167397647869
060750352013,2.0,2.13447171825,0.0,0.0,0.0,937,20.6885706067,47.1718249733,16.7182662539,0.0,0.0452907075028
060750352014,0.0,0.0,0.0,0.0,0.0,1245,27.0917975283,53.9759036145,5.95482546201,5.43689320388,0.0459548687641
060750352015,1.0,0.961538461538,0.0,0.0,45.0693591325,1040,23.4360667489,45.2884615385,9.74842767296,0.0,0.0443760470195
060750352021,2.0,1.23839009288,0.0,0.0,60.6122115058,1615,32.6295738606,46.8111455108,19.4864048338,3.49854227405,0.0494949767624
060750352022,3.0,2.05620287868,0.0,0.0,147.213133494,1459,30.6834231097,49.1432488005,5.83190394511,10.44546851,0.0475501053055
060750352023,5.0,3.38524035206,1.0,21.3401365358,192.061228822,1477,31.5193816634,45.5653351388,6.66666666667,10.0529100529,0.0468600563227
060750353001,1.0,1.30718954248,0.0,0.0,0.0,765,5.5736256171,46.1437908497,0.0,0.0,0.137253567526
060750353002,0.0,0.0,0.0,0.0,101.243377996,1854,26.8150318291,41.5857605178,21.5716486903,0.0,0.06914032442
060750353003,0.0,0.0,0.0,0.0,13.0459556512,1628,21.2388158002,43.058968059,0.0,0.0,0.076652107882
060750353004,1.0,1.0111223458,0.0,0.0,0.0,989,20.2397556473,55.915065723,0.0,0.0,0.0488642262898
060750353005,1.0,0.777000777001,0.0,0.0,39.9437293047,1287,25.7037898076,46.7754467754,7.1283095723,0.0,0.0500704374582
060750353006,0.0,0.0,0.0,0.0,0.0,1362,22.1250216029,32.5991189427,18.858560794,3.81861575179,0.0615592619274
060750354001,1.0,0.640614990391,0.0,0.0,0.0,1561,10.8449683575,44.9071108264,2.23214285714,0.0,0.143937718262
060750354002,0.0,0.0,0.0,0.0,0.0,1209,18.0208107262,46.7328370554,9.69827586207,0.0,0.0670891015045
060750354003,2.0,2.52206809584,0.0,0.0,62.3780203384,793,16.4885900428,53.341740227,22.3140495868,13.7767220903,0.0480938635712
060750354004,1.0,0.486144871172,0.0,0.0,43.9375406973,2057,30.1265070714,55.4691298007,13.9092240117,5.66298342541,0.0682787418775
060750354005,0.0,0.0,0.0,0.0,97.7139596278,710,13.8753822671,50.0,13.4185303514,24.7596153846,0.0511697614041
060750401001,0.0,0.0,0.0,0.0,0.0,730,13.0627633648,35.8904109589,7.38461538462,14.0211640212,0.0558840407358
060750401002,1.0,0.608642726719,1.0,34.5659120266,311.093208239,1643,56.7917934597,47.7175897748,17.4629324547,0.0,0.0289302362174
060750401003,18.0,14.6460537022,5.0,108.705982911,543.529914556,1229,26.7199305996,45.3213995118,14.8692810458,8.92857142857,0.0459956284475
060750401004,2.0,2.68817204301,0.0,0.0,65.7271849774,744,24.4505128116,51.2096774194,10.4395604396,8.08080808081,0.0304288096423
060750402001,2.0,1.24069478908,1.0,17.6213733806,352.427467611,1612,28.4056538895,41.3771712159,9.09090909091,7.9185520362,0.0567492657016
060750402002,4.0,4.36205016358,1.0,24.3941303006,365.91195451,917,22.3694174857,58.9967284624,11.4795918367,23.4375,0.0409934680054
060750402003,1.0,1.09769484083,0.0,0.0,266.903403494,911,22.1044545985,52.2502744237,28.2377919321,11.2994350282,0.0412134122533
060750402004,2.0,1.246105919,0.0,0.0,0.0,1605,27.120943847,45.7320872274,2.6706231454,1.8922852984,0.0591793563327
060750426011,6.0,2.86532951289,1.0,18.992060829,493.793581553,2094,39.7693753759,46.0840496657,17.9063360882,0.0,0.0526535803042
060750426012,1.0,0.495785820526,0.0,0.0,132.315344189,2017,33.3600061536,50.2231036192,13.0,9.00818926297,0.0604616195427
060750426021,5.0,5.31349628055,2.0,46.9002406815,234.501203407,941,22.0665632406,58.1296493092,5.44554455446,12.7429805616,0.0426437044019
060750426022,0.0,0.0,0.0,0.0,0.0,1383,32.1797255097,48.0838756327,0.0,4.72854640981,0.0429773709407
060750426023,1.0,0.859845227859,0.0,0.0,69.6282259028,1163,26.9925422416,40.0687876182,13.0977130977,7.32177263969,0.0430859749922
060750427001,2.0,0.992555831266,0.0,0.0,175.61842896,2015,44.2338917943,46.7493796526,21.879021879,10.4838709677,0.0455533058084
060750427002,6.0,3.51288056206,1.0,18.9556932932,189.556932932,1708,32.3763241448,48.1850117096,14.3843498274,8.33333333333,0.0527545990817
060750427003,1.0,0.607164541591,0.0,0.0,184.316156939,1647,27.5971554981,39.9514268367,14.2647058824,16.8704156479,0.0596800637701
060750428001,0.0,0.0,0.0,0.0,0.0,1036,15.902129751,51.9305019305,10.7226107226,11.3636363636,0.0651485062833
060750428002,0.0,0.0,0.0,0.0,0.0,674,6.40575645052,45.5489614243,3.96825396825,9.02527075812,0.105217862278
060750428003,1.0,1.5455950541,0.0,0.0,0.0,647,13.3587867508,45.1313755796,6.1135371179,15.1851851852,0.0484325419717
060750451001,7.0,2.95234078448,1.0,16.8884710936,67.5538843746,2371,40.042564963,39.1817798397,25.5976095618,10.5169340463,0.0592119910947
060750451002,0.0,0.0,0.0,0.0,47.3020204512,1594,37.6997102996,56.0225846926,7.92682926829,0.0,0.042281492015
060750451003,3.0,2.75735294118,1.0,21.4179624325,192.761661892,1088,23.3027431265,42.7389705882,22.9885057471,9.53206239168,0.0466897821468
060750452001,1.0,0.503524672709,0.0,0.0,106.736316054,1986,42.3956647367,54.0281973817,16.206482593,0.0,0.0468444123316
060750452002,3.0,2.00534759358,0.0,0.0,66.6634791023,1496,33.2428549123,51.8048128342,15.0242326333,0.0,0.0450021517089
060750452003,1.0,1.42247510669,0.0,0.0,45.1447856134,703,15.8683921431,40.5405405405,0.0,0.0,0.0443019049227
060750452004,2.0,1.63666121113,0.0,0.0,21.9999912277,1222,26.8839892803,40.8346972177,12.2448979592,11.4457831325,0.0454545635791
060750452005,5.0,3.35795836132,1.0,21.4321340354,192.889206319,1489,31.9124475788,50.2350570853,16.4133738602,4.22125181951,0.0466589093903
060750476001,4.0,2.2896393818,0.0,0.0,279.390349519,1747,32.5396627074,51.7458500286,3.45710627401,2.375,0.053688325405
060750476002,1.0,1.05374077977,0.0,0.0,0.0,949,18.7006534205,46.8914646997,0.0,0.0,0.0507468898899
060750476003,1.0,0.978473581213,0.0,0.0,0.0,1022,20.3105828898,57.1428571429,20.6818181818,0.0,0.0503185952635
060750476004,2.0,1.07066381156,0.0,0.0,0.0,1868,36.7342145052,44.1113490364,6.48567119155,16.4987405542,0.0508517747055
060750477011,1.0,0.886524822695,0.0,0.0,165.634091168,1128,23.3544068547,52.0390070922,10.4166666667,18.7588152327,0.048299235644
060750477012,3.0,2.00133422282,1.0,21.3117259529,255.740711435,1499,31.9462772034,44.6297531688,7.23076923077,14.0211640212,0.0469225252901
060750477013,1.0,0.719942404608,0.0,0.0,43.5180151274,1389,30.223261506,53.0597552196,5.61403508772,3.55329949239,0.0459579784176
060750477021,0.0,0.0,0.0,0.0,22.1210795406,1532,33.8894938562,46.7362924282,9.6256684492,1.0582010582,0.0452057503868
060750477022,0.0,0.0,0.0,0.0,21.8634487442,1046,22.8691673864,50.9560229446,1.3698630137,14.6198830409,0.0457384382354
060750477023,1.0,0.608642726719,0.0,0.0,0.0,1643,36.0368482868,48.5696895922,13.2258064516,0.0,0.0455922223532
060750478011,3.0,2.04918032787,0.0,0.0,0.0,1464,31.8682325377,45.4918032787,10.0,18.1494661922,0.0459391652257
060750478012,1.0,1.34589502019,0.0,0.0,87.9440612861,743,16.3356093839,38.8963660834,11.25,23.8095238095,0.0454834577969
060750478013,3.0,1.67224080268,0.0,0.0,10.7789013289,1794,19.3373489841,44.3143812709,8.53503184713,6.88018979834,0.0927738337596
060750478021,0.0,0.0,0.0,0.0,25.652523384,1025,26.2938364686,53.8536585366,6.11439842209,0.0,0.0389825197713
060750478022,0.0,0.0,1.0,22.0711602673,66.2134808018,1132,24.9845534226,51.0600706714,6.10859728507,5.75692963753,0.0453079941376
060750478023,1.0,0.557103064067,0.0,0.0,127.342464056,1795,38.0966204968,47.1866295265,12.6139817629,1.644245142,0.0471170402149
060750479011,1.0,1.28205128205,0.0,0.0,43.8706850782,780,17.1095671805,43.2051282051,0.0,6.82926829268,0.0455885290242
060750479012,5.0,2.42954324587,0.0,0.0,13.3535857532,2058,9.16055982668,55.4421768707,14.1982864137,5.76701268743,0.224658758737
060750479013,0.0,0.0,0.0,0.0,33.1663407433,1255,20.8118788164,43.187250996,10.4384133612,10.1313320826,0.0603021001166
060750479014,0.0,0.0,0.0,0.0,0.0,1670,31.3748766664,44.8502994012,6.22317596567,0.0,0.0532273008675
060750479015,1.0,1.23762376238,0.0,0.0,43.620085871,808,17.6225146919,53.7128712871,3.38983050847,7.99220272904,0.0458504370192
060750479021,0.0,0.0,0.0,0.0,0.0,1102,21.0573608965,54.1742286751,13.5193133047,0.0,0.052333243725
060750479022,0.0,0.0,0.0,0.0,18.2868492416,1396,25.5284415412,49.9283667622,22.6962457338,15.4401154401,0.0546841058725
060750479023,0.0,0.0,0.0,0.0,21.4675604914,1171,25.1385133354,54.8249359522,25.0526315789,2.2633744856,0.0465819113635
060750601001,0.0,0.0,1.0,0.423949113622,0.0,3451,1.46304839111,51.4053897421,4.10509031199,7.51708428246,2.35877365436
060750604001,1.0,0.539374325782,0.0,0.0,0.0,1854,0.846020204553,45.0916936354,21.0227272727,2.22222222222,2.19143702482
060750605021,1.0,1.66389351082,0.0,0.0,0.0,601,21.7113451839,47.7537437604,52.736318408,6.94444444444,0.0276813801683
060750605022,7.0,7.00700700701,0.0,0.0,0.0,999,34.8402996359,37.6376376376,61.8881118881,17.5792507205,0.0286736913988
060750605023,1.0,0.631313131313,0.0,0.0,40.7239953802,1584,32.2534043411,49.6843434343,27.3127753304,11.673151751,0.0491110948552
060750607001,24.0,2.78389977961,1.0,1.63328121783,3.26656243565,8621,14.0805173789,54.471639021,9.60548885077,5.98940336328,0.612264433758
060750607002,3.0,9.86842105263,3.0,22.0360445521,80.7988300243,304,2.23298584795,42.7631578947,0.0,0.0,0.136140585163
060750607003,47.0,53.4698521047,0.0,0.0,57.8352954089,879,25.4186123322,45.8475540387,27.2540983607,4.6875,0.0345809593581
060750610001,73.0,31.6702819957,0.0,0.0,2.97685427559,2305,3.43082455261,52.4511930586,2.55839822024,6.15866388309,0.671850152828
060750610002,2.0,0.922083909636,0.0,0.0,18.2006546394,2169,13.1590733043,44.4905486399,8.36120401338,2.92207792208,0.16482923606
060750611001,10.0,10.6269925611,4.0,65.8734464346,411.709040216,941,15.4967282737,51.8597236982,39.5180722892,21.550094518,0.0607224946697
060750611002,6.0,2.56629597947,2.0,94.3331866007,848.998679406,2338,110.275495136,45.7228400342,48.7693710119,3.60281195079,0.0212014464058
060750611003,1.0,0.827129859388,2.0,189.876823914,664.568883698,1209,114.780540056,46.1538461538,43.2323232323,13.1578947368,0.0105331443763
060750612001,35.0,26.778882938,0.0,0.0,148.239477308,1307,14.9037689879,50.8033664881,21.8274111675,12.6385809313,0.0876959379245
060750612002,27.0,9.941089838,0.0,0.0,224.704803195,2716,33.9054580821,59.4624447717,22.8260869565,8.7980173482,0.0801050967495
060750614001,8.0,3.29760923331,0.0,0.0,9.35898447817,2426,22.704896344,57.1723000824,12.7771911299,4.82412060302,0.10684919954
060750614002,2.0,1.12994350282,0.0,0.0,6.74072466547,1770,11.9310826579,46.9491525424,3.99529964747,17.2178988327,0.14835200214
060750614003,0.0,0.0,0.0,0.0,19.0106385613,1429,27.166202504,64.9405178446,2.03442879499,0.0,0.0526021257402
060750615001,89.0,58.8624338624,12.0,55.1686076309,68.9607595387,1512,6.9512445615,65.9391534392,8.62068965517,41.8469656992,0.21751500564
060750615002,16.0,11.9581464873,2.0,20.3693966209,61.1081898627,1338,13.6271263394,57.7727952167,12.1328224777,4.97572815534,0.0981865117176
060750615003,4.0,1.82398540812,0.0,0.0,11.2982077623,2193,24.7769696228,57.2731418149,8.74363327674,18.6464088398,0.0885096132977
060750615004,3.0,1.47637795276,1.0,17.5529672423,17.5529672423,2032,35.6676294364,45.8661417323,2.26654578422,20.3034682081,0.0569704247832
060750615005,13.0,8.79566982409,0.0,0.0,194.539708865,1478,23.9608074752,49.5263870095,22.8776978417,0.0,0.06168406476
060750615006,5.0,1.30276185513,2.0,16.3039718479,8.15198592394,3838,31.2873219761,51.6675351746,2.95031055901,22.966507177,0.122669495425
060759802001,0.0,0.0,0.0,0.0,0.0,299,0.74743334968,65.2173913043,11.7647058824,12.8205128205,0.400035668903
060759803001,27.0,600.0,0.0,0.0,0.0,45,0.0261655176617,60.0,0.0,0.0,1.71982074201
060759804011,0.0,5.49225657294,0.0,0.0,0.0,0,0.0,50.7778116617,12.6133117458,7.41998334939,0.16184865693
060759805011,1.0,1.17647058824,0.0,0.0,1.56334699909,850,1.32884494923,40.3529411765,57.6791808874,3.93442622951,0.639653257134
060759806001,1.0,2.49376558603,0.0,0.0,0.0,401,0.490246398618,58.3541147132,28.2608695652,0.0,0.817956034211
060759809001,5.0,20.325203252,3.0,2.06646997912,22.7311697703,246,0.169450538288,62.6016260163,43.8848920863,24.043715847,1.4517510684
